datetime,Count,Scalar_B_nT,SW_Plasma_Speed_kmps,R_Sunspot_No,f10_7_index
2025-02-28 00:00:00+00:00,2342,11.8,595.0,117.0,154.4
2025-02-28 01:00:00+00:00,2366,11.0,602.0,117.0,154.4
2025-02-28 02:00:00+00:00,2265,11.0,591.0,117.0,154.4
2025-02-28 03:00:00+00:00,2353,11.4,613.0,117.0,154.4
2025-02-28 04:00:00+00:00,2321,12.5,578.0,117.0,154.4
2025-02-28 05:00:00+00:00,2307,11.4,584.0,117.0,154.4
2025-02-28 06:00:00+00:00,2324,11.6,602.0,117.0,154.4
2025-02-28 07:00:00+00:00,2260,10.9,618.0,117.0,154.4
2025-02-28 08:00:00+00:00,2320,10.9,626.0,117.0,154.4
2025-02-28 09:00:00+00:00,2269,10.5,623.0,117.0,154.4
2025-02-28 10:00:00+00:00,2277,10.2,652.0,117.0,154.4
2025-02-28 11:00:00+00:00,2288,10.1,671.0,117.0,154.4
2025-02-28 12:00:00+00:00,2332,10.4,718.0,117.0,154.4
2025-02-28 13:00:00+00:00,2376,9.5,701.0,117.0,154.4
2025-02-28 14:00:00+00:00,2330,9.5,712.0,117.0,154.4
2025-02-28 15:00:00+00:00,2369,9.7,696.0,117.0,154.4
2025-02-28 16:00:00+00:00,2362,10.3,715.0,117.0,154.4
2025-02-28 17:00:00+00:00,2385,9.3,745.0,117.0,154.4
2025-02-28 18:00:00+00:00,2361,8.1,760.0,117.0,154.4
2025-02-28 19:00:00+00:00,2355,8.0,747.0,117.0,154.4
2025-02-28 20:00:00+00:00,2371,7.7,727.0,117.0,154.4
2025-02-28 21:00:00+00:00,2377,7.6,722.0,117.0,154.4
2025-02-28 22:00:00+00:00,2334,7.5,694.0,117.0,154.4
2025-02-28 23:00:00+00:00,2381,8.1,698.0,117.0,154.4
2025-03-01 00:00:00+00:00,2384,7.7,705.0,116.0,149.5
2025-03-01 01:00:00+00:00,2277,7.6,690.0,116.0,149.5
2025-03-01 02:00:00+00:00,2300,6.9,710.0,116.0,149.5
2025-03-01 03:00:00+00:00,2288,6.1,715.0,116.0,149.5
2025-03-01 04:00:00+00:00,2342,5.8,713.0,116.0,149.5
2025-03-01 05:00:00+00:00,2327,5.4,714.0,116.0,149.5
2025-03-01 06:00:00+00:00,2271,4.9,699.0,116.0,149.5
2025-03-01 07:00:00+00:00,2293,5.4,692.0,116.0,149.5
2025-03-01 08:00:00+00:00,2327,5.6,693.0,116.0,149.5
2025-03-01 09:00:00+00:00,2263,5.4,685.0,116.0,149.5
2025-03-01 10:00:00+00:00,2326,5.2,690.0,116.0,149.5
2025-03-01 11:00:00+00:00,2315,4.6,710.0,116.0,149.5
2025-03-01 12:00:00+00:00,2347,4.6,691.0,116.0,149.5
2025-03-01 13:00:00+00:00,2338,4.3,683.0,116.0,149.5
2025-03-01 14:00:00+00:00,2317,4.2,700.0,116.0,149.5
2025-03-01 15:00:00+00:00,2323,4.8,683.0,116.0,149.5
2025-03-01 16:00:00+00:00,2327,4.3,678.0,116.0,149.5
2025-03-01 17:00:00+00:00,2371,4.9,646.0,116.0,149.5
2025-03-01 18:00:00+00:00,2345,3.8,660.0,116.0,149.5
2025-03-01 19:00:00+00:00,2330,4.4,665.0,116.0,149.5
2025-03-01 20:00:00+00:00,2313,4.7,659.0,116.0,149.5
2025-03-01 21:00:00+00:00,2380,4.2,646.0,116.0,149.5
2025-03-01 22:00:00+00:00,2337,3.8,638.0,116.0,149.5
2025-03-01 23:00:00+00:00,2351,3.7,619.0,116.0,149.5
2025-03-02 00:00:00+00:00,2344,2.5,598.0,147.0,148.5
2025-03-02 01:00:00+00:00,2258,3.0,593.0,147.0,148.5
2025-03-02 02:00:00+00:00,2293,2.8,574.0,147.0,148.5
2025-03-02 03:00:00+00:00,2241,2.7,576.0,147.0,148.5
2025-03-02 04:00:00+00:00,2332,2.8,569.0,147.0,148.5
2025-03-02 05:00:00+00:00,2300,2.2,,147.0,148.5
2025-03-02 06:00:00+00:00,2287,3.0,,147.0,148.5
2025-03-02 07:00:00+00:00,2318,2.9,,147.0,148.5
2025-03-02 08:00:00+00:00,2347,3.8,,147.0,148.5
2025-03-02 09:00:00+00:00,2341,3.4,,147.0,148.5
2025-03-02 10:00:00+00:00,2291,4.0,,147.0,148.5
2025-03-02 11:00:00+00:00,2273,3.7,,147.0,148.5
2025-03-02 12:00:00+00:00,2307,3.6,,147.0,148.5
2025-03-02 13:00:00+00:00,2251,3.5,,147.0,148.5
2025-03-02 14:00:00+00:00,2290,3.6,,147.0,148.5
2025-03-02 15:00:00+00:00,2303,3.7,509.0,147.0,148.5
2025-03-02 16:00:00+00:00,2351,4.4,507.0,147.0,148.5
2025-03-02 17:00:00+00:00,2334,4.4,505.0,147.0,148.5
2025-03-02 18:00:00+00:00,2343,5.4,492.0,147.0,148.5
2025-03-02 19:00:00+00:00,2332,5.4,476.0,147.0,148.5
2025-03-02 20:00:00+00:00,2326,5.9,475.0,147.0,148.5
2025-03-02 21:00:00+00:00,2314,6.4,483.0,147.0,148.5
2025-03-02 22:00:00+00:00,2350,6.2,487.0,147.0,148.5
2025-03-02 23:00:00+00:00,2307,5.5,479.0,147.0,148.5
2025-03-03 00:00:00+00:00,2338,5.7,462.0,123.0,160.4
2025-03-03 01:00:00+00:00,2325,5.8,473.0,123.0,160.4
2025-03-03 02:00:00+00:00,2243,5.5,488.0,123.0,160.4
2025-03-03 03:00:00+00:00,2333,5.6,489.0,123.0,160.4
2025-03-03 04:00:00+00:00,2253,5.8,471.0,123.0,160.4
2025-03-03 05:00:00+00:00,2263,6.2,473.0,123.0,160.4
2025-03-03 06:00:00+00:00,2255,6.9,490.0,123.0,160.4
2025-03-03 07:00:00+00:00,2202,7.3,492.0,123.0,160.4
2025-03-03 08:00:00+00:00,2299,7.6,480.0,123.0,160.4
2025-03-03 09:00:00+00:00,2287,7.6,498.0,123.0,160.4
2025-03-03 10:00:00+00:00,2312,8.2,500.0,123.0,160.4
2025-03-03 11:00:00+00:00,2338,8.5,489.0,123.0,160.4
2025-03-03 12:00:00+00:00,2341,8.5,480.0,123.0,160.4
2025-03-03 13:00:00+00:00,2325,7.7,474.0,123.0,160.4
2025-03-03 14:00:00+00:00,2287,6.9,480.0,123.0,160.4
2025-03-03 15:00:00+00:00,2292,6.0,479.0,123.0,160.4
2025-03-03 16:00:00+00:00,2302,5.7,480.0,123.0,160.4
2025-03-03 17:00:00+00:00,2333,5.8,480.0,123.0,160.4
2025-03-03 18:00:00+00:00,2321,6.2,477.0,123.0,160.4
2025-03-03 19:00:00+00:00,2331,5.7,475.0,123.0,160.4
2025-03-03 20:00:00+00:00,2292,4.5,486.0,123.0,160.4
2025-03-03 21:00:00+00:00,2360,5.0,475.0,123.0,160.4
2025-03-03 22:00:00+00:00,2297,5.3,491.0,123.0,160.4
2025-03-03 23:00:00+00:00,2340,5.7,494.0,123.0,160.4
2025-03-04 00:00:00+00:00,2340,5.9,496.0,154.0,157.9
2025-03-04 01:00:00+00:00,2281,6.5,503.0,154.0,157.9
2025-03-04 02:00:00+00:00,2361,6.1,466.0,154.0,157.9
2025-03-04 03:00:00+00:00,2308,5.8,450.0,154.0,157.9
2025-03-04 04:00:00+00:00,2297,6.2,490.0,154.0,157.9
2025-03-04 05:00:00+00:00,2338,7.1,490.0,154.0,157.9
2025-03-04 06:00:00+00:00,2261,7.7,501.0,154.0,157.9
2025-03-04 07:00:00+00:00,2334,7.7,491.0,154.0,157.9
2025-03-04 08:00:00+00:00,2324,7.2,508.0,154.0,157.9
2025-03-04 09:00:00+00:00,2309,6.9,484.0,154.0,157.9
2025-03-04 10:00:00+00:00,2290,6.5,491.0,154.0,157.9
2025-03-04 11:00:00+00:00,2362,6.3,483.0,154.0,157.9
2025-03-04 12:00:00+00:00,2289,6.1,474.0,154.0,157.9
2025-03-04 13:00:00+00:00,2337,5.4,478.0,154.0,157.9
2025-03-04 14:00:00+00:00,2313,4.8,483.0,154.0,157.9
2025-03-04 15:00:00+00:00,2324,5.0,466.0,154.0,157.9
2025-03-04 16:00:00+00:00,2242,4.6,469.0,154.0,157.9
2025-03-04 17:00:00+00:00,2336,4.8,489.0,154.0,157.9
2025-03-04 18:00:00+00:00,2367,5.6,478.0,154.0,157.9
2025-03-04 19:00:00+00:00,2386,6.2,481.0,154.0,157.9
2025-03-04 20:00:00+00:00,2394,7.5,478.0,154.0,157.9
2025-03-04 21:00:00+00:00,2407,8.2,481.0,154.0,157.9
2025-03-04 22:00:00+00:00,2381,7.9,490.0,154.0,157.9
2025-03-04 23:00:00+00:00,2354,8.0,488.0,154.0,157.9
2025-03-05 00:00:00+00:00,2311,7.6,485.0,143.0,154.0
2025-03-05 01:00:00+00:00,2379,6.8,493.0,143.0,154.0
2025-03-05 02:00:00+00:00,2359,7.1,495.0,143.0,154.0
2025-03-05 03:00:00+00:00,2374,7.8,476.0,143.0,154.0
2025-03-05 04:00:00+00:00,2430,7.2,467.0,143.0,154.0
2025-03-05 05:00:00+00:00,2384,6.9,462.0,143.0,154.0
2025-03-05 06:00:00+00:00,2374,6.8,441.0,143.0,154.0
2025-03-05 07:00:00+00:00,2419,6.7,462.0,143.0,154.0
2025-03-05 08:00:00+00:00,2358,6.6,450.0,143.0,154.0
2025-03-05 09:00:00+00:00,2421,6.6,440.0,143.0,154.0
2025-03-05 10:00:00+00:00,2387,6.7,429.0,143.0,154.0
2025-03-05 11:00:00+00:00,2445,6.7,437.0,143.0,154.0
2025-03-05 12:00:00+00:00,2400,7.3,435.0,143.0,154.0
2025-03-05 13:00:00+00:00,2358,7.4,426.0,143.0,154.0
2025-03-05 14:00:00+00:00,2349,7.4,423.0,143.0,154.0
2025-03-05 15:00:00+00:00,2339,6.9,429.0,143.0,154.0
2025-03-05 16:00:00+00:00,2403,5.8,411.0,143.0,154.0
2025-03-05 17:00:00+00:00,2381,6.2,415.0,143.0,154.0
2025-03-05 18:00:00+00:00,2360,7.0,427.0,143.0,154.0
2025-03-05 19:00:00+00:00,2330,6.5,427.0,143.0,154.0
2025-03-05 20:00:00+00:00,2333,5.4,430.0,143.0,154.0
2025-03-05 21:00:00+00:00,2380,5.1,431.0,143.0,154.0
2025-03-05 22:00:00+00:00,2365,5.5,431.0,143.0,154.0
2025-03-05 23:00:00+00:00,2337,5.5,432.0,143.0,154.0
2025-03-06 00:00:00+00:00,2354,5.8,435.0,129.0,147.7
2025-03-06 01:00:00+00:00,2345,6.5,433.0,129.0,147.7
2025-03-06 02:00:00+00:00,2316,6.1,420.0,129.0,147.7
2025-03-06 03:00:00+00:00,2350,6.8,413.0,129.0,147.7
2025-03-06 04:00:00+00:00,2376,5.9,420.0,129.0,147.7
2025-03-06 05:00:00+00:00,2350,5.8,431.0,129.0,147.7
2025-03-06 06:00:00+00:00,2315,6.8,434.0,129.0,147.7
2025-03-06 07:00:00+00:00,2302,7.1,421.0,129.0,147.7
2025-03-06 08:00:00+00:00,2370,7.0,419.0,129.0,147.7
2025-03-06 09:00:00+00:00,2349,7.3,399.0,129.0,147.7
2025-03-06 10:00:00+00:00,2288,6.9,401.0,129.0,147.7
2025-03-06 11:00:00+00:00,2373,6.2,383.0,129.0,147.7
2025-03-06 12:00:00+00:00,2312,6.7,381.0,129.0,147.7
2025-03-06 13:00:00+00:00,2360,7.0,394.0,129.0,147.7
2025-03-06 14:00:00+00:00,2285,7.3,396.0,129.0,147.7
2025-03-06 15:00:00+00:00,2367,7.2,395.0,129.0,147.7
2025-03-06 16:00:00+00:00,2309,6.8,393.0,129.0,147.7
2025-03-06 17:00:00+00:00,2326,6.1,405.0,129.0,147.7
2025-03-06 18:00:00+00:00,2315,6.0,403.0,129.0,147.7
2025-03-06 19:00:00+00:00,2348,6.9,406.0,129.0,147.7
2025-03-06 20:00:00+00:00,2339,6.9,392.0,129.0,147.7
2025-03-06 21:00:00+00:00,2338,7.5,398.0,129.0,147.7
2025-03-06 22:00:00+00:00,2367,7.6,400.0,129.0,147.7
2025-03-06 23:00:00+00:00,2366,7.5,409.0,129.0,147.7
2025-03-07 00:00:00+00:00,2345,7.5,394.0,106.0,144.3
2025-03-07 01:00:00+00:00,2339,7.3,388.0,106.0,144.3
2025-03-07 02:00:00+00:00,2309,7.1,388.0,106.0,144.3
2025-03-07 03:00:00+00:00,2324,6.9,394.0,106.0,144.3
2025-03-07 04:00:00+00:00,2311,7.2,375.0,106.0,144.3
2025-03-07 05:00:00+00:00,2370,7.2,379.0,106.0,144.3
2025-03-07 06:00:00+00:00,2331,6.8,378.0,106.0,144.3
2025-03-07 07:00:00+00:00,2298,7.5,400.0,106.0,144.3
2025-03-07 08:00:00+00:00,2339,7.9,372.0,106.0,144.3
2025-03-07 09:00:00+00:00,2323,7.9,377.0,106.0,144.3
2025-03-07 10:00:00+00:00,2310,8.7,377.0,106.0,144.3
2025-03-07 11:00:00+00:00,2313,8.6,395.0,106.0,144.3
2025-03-07 12:00:00+00:00,2367,7.2,405.0,106.0,144.3
2025-03-07 13:00:00+00:00,2333,7.6,403.0,106.0,144.3
2025-03-07 14:00:00+00:00,2316,7.3,403.0,106.0,144.3
2025-03-07 15:00:00+00:00,2322,7.6,399.0,106.0,144.3
2025-03-07 16:00:00+00:00,2344,8.0,400.0,106.0,144.3
2025-03-07 17:00:00+00:00,2297,7.6,398.0,106.0,144.3
2025-03-07 18:00:00+00:00,2326,6.4,402.0,106.0,144.3
2025-03-07 19:00:00+00:00,2340,6.7,394.0,106.0,144.3
2025-03-07 20:00:00+00:00,2341,6.7,395.0,106.0,144.3
2025-03-07 21:00:00+00:00,2347,6.9,392.0,106.0,144.3
2025-03-07 22:00:00+00:00,2370,6.9,399.0,106.0,144.3
2025-03-07 23:00:00+00:00,2347,7.1,391.0,106.0,144.3
2025-03-08 00:00:00+00:00,2331,7.3,395.0,91.0,145.4
2025-03-08 01:00:00+00:00,2348,6.8,401.0,91.0,145.4
2025-03-08 02:00:00+00:00,2331,5.5,406.0,91.0,145.4
2025-03-08 03:00:00+00:00,2293,6.5,416.0,91.0,145.4
2025-03-08 04:00:00+00:00,2330,5.0,409.0,91.0,145.4
2025-03-08 05:00:00+00:00,2327,6.9,414.0,91.0,145.4
2025-03-08 06:00:00+00:00,2350,10.9,418.0,91.0,145.4
2025-03-08 07:00:00+00:00,2355,11.9,450.0,91.0,145.4
2025-03-08 08:00:00+00:00,2296,11.0,466.0,91.0,145.4
2025-03-08 09:00:00+00:00,2342,13.0,476.0,91.0,145.4
2025-03-08 10:00:00+00:00,2357,10.9,451.0,91.0,145.4
2025-03-08 11:00:00+00:00,2333,14.3,445.0,91.0,145.4
2025-03-08 12:00:00+00:00,2370,15.1,458.0,91.0,145.4
2025-03-08 13:00:00+00:00,2311,14.0,433.0,91.0,145.4
2025-03-08 14:00:00+00:00,2347,13.8,426.0,91.0,145.4
2025-03-08 15:00:00+00:00,2279,11.6,410.0,91.0,145.4
2025-03-08 16:00:00+00:00,2355,13.8,442.0,91.0,145.4
2025-03-08 17:00:00+00:00,2416,15.9,541.0,91.0,145.4
2025-03-08 18:00:00+00:00,2404,15.1,551.0,91.0,145.4
2025-03-08 19:00:00+00:00,2362,14.2,533.0,91.0,145.4
2025-03-08 20:00:00+00:00,2372,14.9,518.0,91.0,145.4
2025-03-08 21:00:00+00:00,2387,15.6,472.0,91.0,145.4
2025-03-08 22:00:00+00:00,2430,12.5,439.0,91.0,145.4
2025-03-08 23:00:00+00:00,2371,11.2,469.0,91.0,145.4
2025-03-09 00:00:00+00:00,2395,13.6,502.0,101.0,145.5
2025-03-09 01:00:00+00:00,2400,13.1,515.0,101.0,145.5
2025-03-09 02:00:00+00:00,2352,13.3,527.0,101.0,145.5
2025-03-09 03:00:00+00:00,2329,14.0,516.0,101.0,145.5
2025-03-09 04:00:00+00:00,2301,14.1,512.0,101.0,145.5
2025-03-09 05:00:00+00:00,2398,13.5,536.0,101.0,145.5
2025-03-09 06:00:00+00:00,2318,13.0,575.0,101.0,145.5
2025-03-09 07:00:00+00:00,2375,13.3,537.0,101.0,145.5
2025-03-09 08:00:00+00:00,2357,10.4,592.0,101.0,145.5
2025-03-09 09:00:00+00:00,2336,9.2,610.0,101.0,145.5
2025-03-09 10:00:00+00:00,2341,8.0,643.0,101.0,145.5
2025-03-09 11:00:00+00:00,2377,7.0,633.0,101.0,145.5
2025-03-09 12:00:00+00:00,2345,6.8,623.0,101.0,145.5
2025-03-09 13:00:00+00:00,2319,6.8,628.0,101.0,145.5
2025-03-09 14:00:00+00:00,2290,6.5,641.0,101.0,145.5
2025-03-09 15:00:00+00:00,2357,6.5,616.0,101.0,145.5
2025-03-09 16:00:00+00:00,2402,6.5,620.0,101.0,145.5
2025-03-09 17:00:00+00:00,2305,6.2,631.0,101.0,145.5
2025-03-09 18:00:00+00:00,2343,6.2,604.0,101.0,145.5
2025-03-09 19:00:00+00:00,2386,6.0,614.0,101.0,145.5
2025-03-09 20:00:00+00:00,2388,5.7,592.0,101.0,145.5
2025-03-09 21:00:00+00:00,2362,5.6,594.0,101.0,145.5
2025-03-09 22:00:00+00:00,2331,5.8,593.0,101.0,145.5
2025-03-09 23:00:00+00:00,2374,6.0,596.0,101.0,145.5
2025-03-10 00:00:00+00:00,2435,5.8,587.0,108.0,147.4
2025-03-10 01:00:00+00:00,2337,5.6,578.0,108.0,147.4
2025-03-10 02:00:00+00:00,2338,5.5,557.0,108.0,147.4
2025-03-10 03:00:00+00:00,2307,5.3,572.0,108.0,147.4
2025-03-10 04:00:00+00:00,2301,4.9,557.0,108.0,147.4
2025-03-10 05:00:00+00:00,2339,5.2,535.0,108.0,147.4
2025-03-10 06:00:00+00:00,2300,5.0,592.0,108.0,147.4
2025-03-10 07:00:00+00:00,2338,4.5,585.0,108.0,147.4
2025-03-10 08:00:00+00:00,2256,4.6,543.0,108.0,147.4
2025-03-10 09:00:00+00:00,2300,4.4,517.0,108.0,147.4
2025-03-10 10:00:00+00:00,2308,4.6,555.0,108.0,147.4
2025-03-10 11:00:00+00:00,2317,4.5,547.0,108.0,147.4
2025-03-10 12:00:00+00:00,2268,4.3,535.0,108.0,147.4
2025-03-10 13:00:00+00:00,2386,4.5,561.0,108.0,147.4
2025-03-10 14:00:00+00:00,2361,5.1,552.0,108.0,147.4
2025-03-10 15:00:00+00:00,2287,4.7,536.0,108.0,147.4
2025-03-10 16:00:00+00:00,2290,4.8,540.0,108.0,147.4
2025-03-10 17:00:00+00:00,2309,5.0,520.0,108.0,147.4
2025-03-10 18:00:00+00:00,2333,5.2,509.0,108.0,147.4
2025-03-10 19:00:00+00:00,2370,5.3,496.0,108.0,147.4
2025-03-10 20:00:00+00:00,2363,5.5,525.0,108.0,147.4
2025-03-10 21:00:00+00:00,2354,5.3,516.0,108.0,147.4
2025-03-10 22:00:00+00:00,2361,4.9,514.0,108.0,147.4
2025-03-10 23:00:00+00:00,2363,5.0,461.0,108.0,147.4
2025-03-11 00:00:00+00:00,2295,5.4,436.0,144.0,159.3
2025-03-11 01:00:00+00:00,2318,5.3,438.0,144.0,159.3
2025-03-11 02:00:00+00:00,2327,5.2,423.0,144.0,159.3
2025-03-11 03:00:00+00:00,2303,5.0,443.0,144.0,159.3
2025-03-11 04:00:00+00:00,2351,5.1,488.0,144.0,159.3
2025-03-11 05:00:00+00:00,2279,5.3,491.0,144.0,159.3
2025-03-11 06:00:00+00:00,2323,5.3,485.0,144.0,159.3
2025-03-11 07:00:00+00:00,2307,5.6,467.0,144.0,159.3
2025-03-11 08:00:00+00:00,2316,6.2,482.0,144.0,159.3
2025-03-11 09:00:00+00:00,2337,6.0,486.0,144.0,159.3
2025-03-11 10:00:00+00:00,2290,6.0,486.0,144.0,159.3
2025-03-11 11:00:00+00:00,2356,6.0,442.0,144.0,159.3
2025-03-11 12:00:00+00:00,2303,6.2,452.0,144.0,159.3
2025-03-11 13:00:00+00:00,2345,6.4,466.0,144.0,159.3
2025-03-11 14:00:00+00:00,2275,6.5,412.0,144.0,159.3
2025-03-11 15:00:00+00:00,2313,6.8,443.0,144.0,159.3
2025-03-11 16:00:00+00:00,2327,7.4,436.0,144.0,159.3
2025-03-11 17:00:00+00:00,2364,7.7,431.0,144.0,159.3
2025-03-11 18:00:00+00:00,2288,7.6,400.0,144.0,159.3
2025-03-11 19:00:00+00:00,2312,7.8,416.0,144.0,159.3
2025-03-11 20:00:00+00:00,2365,7.9,422.0,144.0,159.3
2025-03-11 21:00:00+00:00,2314,8.5,413.0,144.0,159.3
2025-03-11 22:00:00+00:00,2348,8.5,403.0,144.0,159.3
2025-03-11 23:00:00+00:00,2284,8.6,421.0,144.0,159.3
2025-03-12 00:00:00+00:00,2358,9.1,391.0,157.0,158.3
2025-03-12 01:00:00+00:00,2378,9.2,391.0,157.0,158.3
2025-03-12 02:00:00+00:00,2302,9.2,391.0,157.0,158.3
2025-03-12 03:00:00+00:00,2337,9.7,411.0,157.0,158.3
2025-03-12 04:00:00+00:00,2322,9.7,378.0,157.0,158.3
2025-03-12 05:00:00+00:00,2322,9.9,416.0,157.0,158.3
2025-03-12 06:00:00+00:00,2295,10.9,481.0,157.0,158.3
2025-03-12 07:00:00+00:00,2288,11.2,493.0,157.0,158.3
2025-03-12 08:00:00+00:00,2338,11.4,482.0,157.0,158.3
2025-03-12 09:00:00+00:00,2327,12.0,473.0,157.0,158.3
2025-03-12 10:00:00+00:00,2321,11.0,458.0,157.0,158.3
2025-03-12 11:00:00+00:00,2330,10.7,465.0,157.0,158.3
2025-03-12 12:00:00+00:00,2345,10.8,457.0,157.0,158.3
2025-03-12 13:00:00+00:00,2326,10.6,453.0,157.0,158.3
2025-03-12 14:00:00+00:00,2294,10.0,449.0,157.0,158.3
2025-03-12 15:00:00+00:00,2358,10.3,445.0,157.0,158.3
2025-03-12 16:00:00+00:00,2352,10.1,489.0,157.0,158.3
2025-03-12 17:00:00+00:00,2326,9.9,514.0,157.0,158.3
2025-03-12 18:00:00+00:00,2346,9.9,507.0,157.0,158.3
2025-03-12 19:00:00+00:00,2373,9.5,504.0,157.0,158.3
2025-03-12 20:00:00+00:00,2388,9.1,503.0,157.0,158.3
2025-03-12 21:00:00+00:00,2344,7.8,501.0,157.0,158.3
2025-03-12 22:00:00+00:00,2380,7.5,516.0,157.0,158.3
2025-03-12 23:00:00+00:00,2380,7.6,555.0,157.0,158.3
2025-03-13 00:00:00+00:00,2354,7.5,542.0,172.0,173.8
2025-03-13 01:00:00+00:00,2287,7.3,542.0,172.0,173.8
2025-03-13 02:00:00+00:00,2401,7.3,548.0,172.0,173.8
2025-03-13 03:00:00+00:00,2371,7.0,557.0,172.0,173.8
2025-03-13 04:00:00+00:00,2283,6.9,554.0,172.0,173.8
2025-03-13 05:00:00+00:00,2299,7.6,538.0,172.0,173.8
2025-03-13 06:00:00+00:00,2353,7.1,529.0,172.0,173.8
2025-03-13 07:00:00+00:00,2359,7.3,498.0,172.0,173.8
2025-03-13 08:00:00+00:00,2367,7.9,513.0,172.0,173.8
2025-03-13 09:00:00+00:00,2381,7.7,514.0,172.0,173.8
2025-03-13 10:00:00+00:00,2428,7.7,520.0,172.0,173.8
2025-03-13 11:00:00+00:00,2297,7.7,534.0,172.0,173.8
2025-03-13 12:00:00+00:00,2339,7.5,536.0,172.0,173.8
2025-03-13 13:00:00+00:00,2263,7.3,514.0,172.0,173.8
2025-03-13 14:00:00+00:00,2395,7.3,488.0,172.0,173.8
2025-03-13 15:00:00+00:00,2363,7.3,503.0,172.0,173.8
2025-03-13 16:00:00+00:00,2374,7.5,509.0,172.0,173.8
2025-03-13 17:00:00+00:00,2352,7.9,507.0,172.0,173.8
2025-03-13 18:00:00+00:00,2327,8.1,525.0,172.0,173.8
2025-03-13 19:00:00+00:00,2376,8.3,529.0,172.0,173.8
2025-03-13 20:00:00+00:00,2383,8.1,522.0,172.0,173.8
2025-03-13 21:00:00+00:00,2383,7.9,523.0,172.0,173.8
2025-03-13 22:00:00+00:00,2349,7.8,530.0,172.0,173.8
2025-03-13 23:00:00+00:00,2408,7.7,525.0,172.0,173.8
2025-03-14 00:00:00+00:00,2418,7.8,533.0,182.0,178.1
2025-03-14 01:00:00+00:00,2332,7.4,545.0,182.0,178.1
2025-03-14 02:00:00+00:00,2350,7.2,532.0,182.0,178.1
2025-03-14 03:00:00+00:00,2412,7.1,536.0,182.0,178.1
2025-03-14 04:00:00+00:00,2346,7.2,530.0,182.0,178.1
2025-03-14 05:00:00+00:00,2358,7.2,519.0,182.0,178.1
2025-03-14 06:00:00+00:00,2323,7.5,519.0,182.0,178.1
2025-03-14 07:00:00+00:00,2368,7.1,532.0,182.0,178.1
2025-03-14 08:00:00+00:00,2362,7.1,534.0,182.0,178.1
2025-03-14 09:00:00+00:00,2313,7.2,542.0,182.0,178.1
2025-03-14 10:00:00+00:00,2408,7.1,562.0,182.0,178.1
2025-03-14 11:00:00+00:00,2361,7.2,539.0,182.0,178.1
2025-03-14 12:00:00+00:00,2342,6.6,559.0,182.0,178.1
2025-03-14 13:00:00+00:00,2361,5.6,570.0,182.0,178.1
2025-03-14 14:00:00+00:00,2412,5.8,564.0,182.0,178.1
2025-03-14 15:00:00+00:00,2356,5.8,558.0,182.0,178.1
2025-03-14 16:00:00+00:00,2405,5.6,558.0,182.0,178.1
2025-03-14 17:00:00+00:00,2398,5.7,550.0,182.0,178.1
2025-03-14 18:00:00+00:00,2413,6.0,539.0,182.0,178.1
2025-03-14 19:00:00+00:00,2370,6.2,551.0,182.0,178.1
2025-03-14 20:00:00+00:00,2334,6.2,556.0,182.0,178.1
2025-03-14 21:00:00+00:00,2389,6.2,526.0,182.0,178.1
2025-03-14 22:00:00+00:00,2407,6.1,540.0,182.0,178.1
2025-03-14 23:00:00+00:00,2399,5.8,539.0,182.0,178.1
2025-03-15 00:00:00+00:00,2433,5.9,517.0,179.0,176.0
2025-03-15 01:00:00+00:00,2388,6.0,520.0,179.0,176.0
2025-03-15 02:00:00+00:00,2405,6.0,518.0,179.0,176.0
2025-03-15 03:00:00+00:00,2358,6.1,529.0,179.0,176.0
2025-03-15 04:00:00+00:00,2379,5.7,515.0,179.0,176.0
2025-03-15 05:00:00+00:00,2396,5.6,520.0,179.0,176.0
2025-03-15 06:00:00+00:00,2395,5.8,544.0,179.0,176.0
2025-03-15 07:00:00+00:00,2328,5.4,545.0,179.0,176.0
2025-03-15 08:00:00+00:00,2386,5.3,547.0,179.0,176.0
2025-03-15 09:00:00+00:00,2386,5.7,548.0,179.0,176.0
2025-03-15 10:00:00+00:00,2364,5.1,558.0,179.0,176.0
2025-03-15 11:00:00+00:00,2369,5.4,534.0,179.0,176.0
2025-03-15 12:00:00+00:00,2427,5.0,547.0,179.0,176.0
2025-03-15 13:00:00+00:00,2383,5.0,549.0,179.0,176.0
2025-03-15 14:00:00+00:00,2361,5.0,566.0,179.0,176.0
2025-03-15 15:00:00+00:00,2348,4.8,516.0,179.0,176.0
2025-03-15 16:00:00+00:00,2402,4.6,521.0,179.0,176.0
2025-03-15 17:00:00+00:00,2435,4.9,519.0,179.0,176.0
2025-03-15 18:00:00+00:00,2367,5.0,513.0,179.0,176.0
2025-03-15 19:00:00+00:00,2410,5.1,505.0,179.0,176.0
2025-03-15 20:00:00+00:00,2407,5.2,508.0,179.0,176.0
2025-03-15 21:00:00+00:00,2413,5.2,498.0,179.0,176.0
2025-03-15 22:00:00+00:00,2451,5.2,487.0,179.0,176.0
2025-03-15 23:00:00+00:00,2423,5.2,482.0,179.0,176.0
2025-03-16 00:00:00+00:00,2375,5.3,478.0,207.0,183.9
2025-03-16 01:00:00+00:00,2375,5.0,473.0,207.0,183.9
2025-03-16 02:00:00+00:00,2418,4.8,474.0,207.0,183.9
2025-03-16 03:00:00+00:00,2410,4.9,481.0,207.0,183.9
2025-03-16 04:00:00+00:00,2381,5.1,478.0,207.0,183.9
2025-03-16 05:00:00+00:00,2345,5.1,469.0,207.0,183.9
2025-03-16 06:00:00+00:00,2353,5.1,462.0,207.0,183.9
2025-03-16 07:00:00+00:00,2389,4.6,451.0,207.0,183.9
2025-03-16 08:00:00+00:00,2385,4.9,445.0,207.0,183.9
2025-03-16 09:00:00+00:00,2374,4.8,455.0,207.0,183.9
2025-03-16 10:00:00+00:00,2399,5.0,423.0,207.0,183.9
2025-03-16 11:00:00+00:00,2360,5.0,440.0,207.0,183.9
2025-03-16 12:00:00+00:00,2350,4.6,419.0,207.0,183.9
2025-03-16 13:00:00+00:00,2396,4.6,427.0,207.0,183.9
2025-03-16 14:00:00+00:00,2409,4.8,426.0,207.0,183.9
2025-03-16 15:00:00+00:00,2361,4.9,418.0,207.0,183.9
2025-03-16 16:00:00+00:00,2355,4.8,418.0,207.0,183.9
2025-03-16 17:00:00+00:00,2338,4.6,421.0,207.0,183.9
2025-03-16 18:00:00+00:00,2381,4.3,420.0,207.0,183.9
2025-03-16 19:00:00+00:00,2446,4.7,410.0,207.0,183.9
2025-03-16 20:00:00+00:00,2435,4.8,413.0,207.0,183.9
2025-03-16 21:00:00+00:00,2414,4.8,426.0,207.0,183.9
2025-03-16 22:00:00+00:00,2395,5.1,415.0,207.0,183.9
2025-03-16 23:00:00+00:00,2319,5.1,401.0,207.0,183.9
2025-03-17 00:00:00+00:00,2381,5.3,406.0,204.0,201.5
2025-03-17 01:00:00+00:00,2374,5.6,397.0,204.0,201.5
2025-03-17 02:00:00+00:00,2356,5.6,401.0,204.0,201.5
2025-03-17 03:00:00+00:00,2347,5.5,388.0,204.0,201.5
2025-03-17 04:00:00+00:00,2319,5.8,408.0,204.0,201.5
2025-03-17 05:00:00+00:00,2352,5.8,398.0,204.0,201.5
2025-03-17 06:00:00+00:00,2325,5.7,391.0,204.0,201.5
2025-03-17 07:00:00+00:00,2340,5.2,384.0,204.0,201.5
2025-03-17 08:00:00+00:00,2321,5.7,386.0,204.0,201.5
2025-03-17 09:00:00+00:00,2361,5.4,389.0,204.0,201.5
2025-03-17 10:00:00+00:00,2360,5.4,398.0,204.0,201.5
2025-03-17 11:00:00+00:00,2357,6.0,398.0,204.0,201.5
2025-03-17 12:00:00+00:00,2280,6.9,402.0,204.0,201.5
2025-03-17 13:00:00+00:00,2283,6.6,403.0,204.0,201.5
2025-03-17 14:00:00+00:00,2269,6.6,398.0,204.0,201.5
2025-03-17 15:00:00+00:00,2295,6.2,389.0,204.0,201.5
2025-03-17 16:00:00+00:00,2350,5.0,381.0,204.0,201.5
2025-03-17 17:00:00+00:00,2351,5.1,392.0,204.0,201.5
2025-03-17 18:00:00+00:00,2346,5.1,397.0,204.0,201.5
2025-03-17 19:00:00+00:00,2332,5.6,390.0,204.0,201.5
2025-03-17 20:00:00+00:00,2309,6.5,384.0,204.0,201.5
2025-03-17 21:00:00+00:00,2374,6.4,387.0,204.0,201.5
2025-03-17 22:00:00+00:00,2371,6.4,392.0,204.0,201.5
2025-03-17 23:00:00+00:00,2314,7.0,388.0,204.0,201.5
2025-03-18 00:00:00+00:00,2373,6.7,379.0,194.0,182.3
2025-03-18 01:00:00+00:00,2295,6.8,390.0,194.0,182.3
2025-03-18 02:00:00+00:00,2355,7.2,398.0,194.0,182.3
2025-03-18 03:00:00+00:00,2331,7.1,394.0,194.0,182.3
2025-03-18 04:00:00+00:00,2368,7.2,400.0,194.0,182.3
2025-03-18 05:00:00+00:00,2272,7.0,390.0,194.0,182.3
2025-03-18 06:00:00+00:00,2349,7.0,372.0,194.0,182.3
2025-03-18 07:00:00+00:00,2288,7.5,388.0,194.0,182.3
2025-03-18 08:00:00+00:00,2297,7.8,377.0,194.0,182.3
2025-03-18 09:00:00+00:00,2284,8.0,369.0,194.0,182.3
2025-03-18 10:00:00+00:00,2420,7.9,371.0,194.0,182.3
2025-03-18 11:00:00+00:00,2309,7.8,380.0,194.0,182.3
2025-03-18 12:00:00+00:00,2298,7.8,411.0,194.0,182.3
2025-03-18 13:00:00+00:00,2302,7.8,403.0,194.0,182.3
2025-03-18 14:00:00+00:00,2332,8.1,373.0,194.0,182.3
2025-03-18 15:00:00+00:00,2352,7.6,377.0,194.0,182.3
2025-03-18 16:00:00+00:00,2330,8.2,396.0,194.0,182.3
2025-03-18 17:00:00+00:00,2300,9.7,402.0,194.0,182.3
2025-03-18 18:00:00+00:00,2407,10.0,387.0,194.0,182.3
2025-03-18 19:00:00+00:00,2359,10.4,376.0,194.0,182.3
2025-03-18 20:00:00+00:00,2328,9.8,403.0,194.0,182.3
2025-03-18 21:00:00+00:00,2325,10.9,405.0,194.0,182.3
2025-03-18 22:00:00+00:00,2335,11.6,395.0,194.0,182.3
2025-03-18 23:00:00+00:00,2395,11.9,405.0,194.0,182.3
2025-03-19 00:00:00+00:00,2415,12.1,395.0,165.0,177.9
2025-03-19 01:00:00+00:00,2321,12.3,403.0,165.0,177.9
2025-03-19 02:00:00+00:00,2360,12.4,397.0,165.0,177.9
2025-03-19 03:00:00+00:00,2346,12.1,413.0,165.0,177.9
2025-03-19 04:00:00+00:00,2372,12.0,446.0,165.0,177.9
2025-03-19 05:00:00+00:00,2298,11.2,452.0,165.0,177.9
2025-03-19 06:00:00+00:00,2339,9.1,455.0,165.0,177.9
2025-03-19 07:00:00+00:00,2301,7.7,456.0,165.0,177.9
2025-03-19 08:00:00+00:00,2276,7.2,458.0,165.0,177.9
2025-03-19 09:00:00+00:00,2357,7.1,451.0,165.0,177.9
2025-03-19 10:00:00+00:00,2333,6.7,449.0,165.0,177.9
2025-03-19 11:00:00+00:00,2302,6.5,463.0,165.0,177.9
2025-03-19 12:00:00+00:00,2376,5.8,469.0,165.0,177.9
2025-03-19 13:00:00+00:00,2313,5.5,468.0,165.0,177.9
2025-03-19 14:00:00+00:00,2332,5.6,474.0,165.0,177.9
2025-03-19 15:00:00+00:00,2360,5.9,461.0,165.0,177.9
2025-03-19 16:00:00+00:00,2337,7.9,450.0,165.0,177.9
2025-03-19 17:00:00+00:00,2383,7.9,458.0,165.0,177.9
2025-03-19 18:00:00+00:00,2360,6.6,493.0,165.0,177.9
2025-03-19 19:00:00+00:00,2358,7.5,499.0,165.0,177.9
2025-03-19 20:00:00+00:00,2403,5.9,496.0,165.0,177.9
2025-03-19 21:00:00+00:00,2431,5.6,492.0,165.0,177.9
2025-03-19 22:00:00+00:00,2339,4.1,493.0,165.0,177.9
2025-03-19 23:00:00+00:00,2312,3.4,486.0,165.0,177.9
2025-03-26 00:00:00+00:00,2341,12.9,390.0,46.0,151.6
2025-03-26 01:00:00+00:00,2335,15.0,381.0,46.0,151.6
2025-03-26 02:00:00+00:00,2296,17.1,378.0,46.0,151.6
2025-03-26 03:00:00+00:00,2307,16.9,363.0,46.0,151.6
2025-03-26 04:00:00+00:00,2310,17.8,365.0,46.0,151.6
2025-03-26 05:00:00+00:00,2347,17.3,359.0,46.0,151.6
2025-03-26 06:00:00+00:00,2310,17.1,352.0,46.0,151.6
2025-03-26 07:00:00+00:00,2312,17.0,356.0,46.0,151.6
2025-03-26 08:00:00+00:00,2299,17.0,367.0,46.0,151.6
2025-03-26 09:00:00+00:00,2360,16.9,375.0,46.0,151.6
2025-03-26 10:00:00+00:00,2306,15.5,368.0,46.0,151.6
2025-03-26 11:00:00+00:00,2324,19.3,404.0,46.0,151.6
2025-03-26 12:00:00+00:00,2314,20.8,409.0,46.0,151.6
2025-03-26 13:00:00+00:00,2362,20.0,422.0,46.0,151.6
2025-03-26 14:00:00+00:00,2345,13.7,529.0,46.0,151.6
2025-03-26 15:00:00+00:00,2299,14.3,601.0,46.0,151.6
2025-03-26 16:00:00+00:00,2337,15.7,607.0,46.0,151.6
2025-03-26 17:00:00+00:00,2326,18.8,604.0,46.0,151.6
2025-03-26 18:00:00+00:00,2280,16.5,618.0,46.0,151.6
2025-03-26 19:00:00+00:00,2379,14.4,605.0,46.0,151.6
2025-03-26 20:00:00+00:00,2328,15.1,622.0,46.0,151.6
2025-03-26 21:00:00+00:00,2401,17.1,609.0,46.0,151.6
2025-03-26 22:00:00+00:00,2340,17.3,608.0,46.0,151.6
2025-03-26 23:00:00+00:00,2311,19.6,612.0,46.0,151.6
2025-03-27 00:00:00+00:00,2338,18.9,604.0,84.0,152.0
2025-03-27 01:00:00+00:00,2367,15.8,631.0,84.0,152.0
2025-03-27 02:00:00+00:00,2302,18.1,655.0,84.0,152.0
2025-03-27 03:00:00+00:00,2342,15.2,704.0,84.0,152.0
2025-03-27 04:00:00+00:00,2328,10.5,741.0,84.0,152.0
2025-03-27 05:00:00+00:00,2354,10.2,754.0,84.0,152.0
2025-03-27 06:00:00+00:00,2340,9.4,757.0,84.0,152.0
2025-03-27 07:00:00+00:00,2373,8.3,821.0,84.0,152.0
2025-03-27 08:00:00+00:00,2341,9.1,774.0,84.0,152.0
2025-03-27 09:00:00+00:00,2344,9.6,736.0,84.0,152.0
2025-03-27 10:00:00+00:00,2332,9.6,752.0,84.0,152.0
2025-03-27 11:00:00+00:00,2392,9.1,806.0,84.0,152.0
2025-03-27 12:00:00+00:00,2284,7.8,756.0,84.0,152.0
2025-03-27 13:00:00+00:00,2251,6.8,780.0,84.0,152.0
2025-03-27 14:00:00+00:00,2329,6.0,786.0,84.0,152.0
2025-03-27 15:00:00+00:00,2327,5.2,813.0,84.0,152.0
2025-03-27 16:00:00+00:00,2293,5.3,816.0,84.0,152.0
2025-03-27 17:00:00+00:00,2402,6.0,765.0,84.0,152.0
2025-03-27 18:00:00+00:00,2390,6.2,748.0,84.0,152.0
2025-03-27 19:00:00+00:00,2429,5.8,739.0,84.0,152.0
2025-03-27 20:00:00+00:00,2448,5.1,764.0,84.0,152.0
2025-03-27 21:00:00+00:00,2434,4.7,766.0,84.0,152.0
2025-03-27 22:00:00+00:00,2447,4.6,760.0,84.0,152.0
2025-03-27 23:00:00+00:00,2407,4.5,766.0,84.0,152.0
2025-03-28 00:00:00+00:00,2376,4.7,761.0,78.0,159.8
2025-03-28 01:00:00+00:00,2367,5.1,712.0,78.0,159.8
2025-03-28 02:00:00+00:00,2385,5.2,690.0,78.0,159.8
2025-03-28 03:00:00+00:00,2367,5.0,692.0,78.0,159.8
2025-03-28 04:00:00+00:00,2370,5.2,685.0,78.0,159.8
2025-03-28 05:00:00+00:00,2407,4.6,687.0,78.0,159.8
2025-03-28 06:00:00+00:00,2394,5.1,685.0,78.0,159.8
2025-03-28 07:00:00+00:00,2407,5.9,683.0,78.0,159.8
2025-03-28 08:00:00+00:00,2433,5.7,680.0,78.0,159.8
2025-03-28 09:00:00+00:00,2426,4.5,666.0,78.0,159.8
2025-03-28 10:00:00+00:00,2379,4.8,637.0,78.0,159.8
2025-03-28 11:00:00+00:00,2351,4.8,623.0,78.0,159.8
2025-03-28 12:00:00+00:00,2237,4.8,623.0,78.0,159.8
2025-03-28 13:00:00+00:00,2325,5.1,624.0,78.0,159.8
2025-03-28 14:00:00+00:00,2372,5.6,637.0,78.0,159.8
2025-03-28 15:00:00+00:00,2359,5.6,627.0,78.0,159.8
2025-03-28 16:00:00+00:00,2351,5.1,625.0,78.0,159.8
2025-03-28 17:00:00+00:00,2353,4.6,641.0,78.0,159.8
2025-03-28 18:00:00+00:00,2366,4.6,647.0,78.0,159.8
2025-03-28 19:00:00+00:00,2314,5.1,613.0,78.0,159.8
2025-03-28 20:00:00+00:00,2338,5.5,612.0,78.0,159.8
2025-03-28 21:00:00+00:00,2335,5.5,604.0,78.0,159.8
2025-03-28 22:00:00+00:00,2315,4.7,616.0,78.0,159.8
2025-03-28 23:00:00+00:00,2396,4.8,614.0,78.0,159.8
2025-03-29 00:00:00+00:00,2411,4.7,606.0,91.0,156.1
2025-03-29 01:00:00+00:00,2308,4.9,595.0,91.0,156.1
2025-03-29 02:00:00+00:00,2342,4.9,610.0,91.0,156.1
2025-03-29 03:00:00+00:00,2279,4.7,592.0,91.0,156.1
2025-03-29 04:00:00+00:00,2269,4.8,584.0,91.0,156.1
2025-03-29 05:00:00+00:00,2283,4.8,556.0,91.0,156.1
2025-03-29 06:00:00+00:00,2297,4.7,558.0,91.0,156.1
2025-03-29 07:00:00+00:00,2316,4.8,558.0,91.0,156.1
2025-03-29 08:00:00+00:00,2331,5.1,551.0,91.0,156.1
2025-03-29 09:00:00+00:00,2348,4.6,541.0,91.0,156.1
2025-03-29 10:00:00+00:00,2323,4.6,547.0,91.0,156.1
2025-03-29 11:00:00+00:00,2280,4.8,517.0,91.0,156.1
2025-03-29 12:00:00+00:00,2336,4.7,517.0,91.0,156.1
2025-03-29 13:00:00+00:00,2345,4.9,512.0,91.0,156.1
2025-03-29 14:00:00+00:00,2346,4.9,511.0,91.0,156.1
2025-03-29 15:00:00+00:00,2322,5.3,517.0,91.0,156.1
2025-03-29 16:00:00+00:00,2281,5.9,514.0,91.0,156.1
2025-03-29 17:00:00+00:00,2353,5.8,501.0,91.0,156.1
2025-03-29 18:00:00+00:00,2422,5.5,511.0,91.0,156.1
2025-03-29 19:00:00+00:00,2384,5.4,511.0,91.0,156.1
2025-03-29 20:00:00+00:00,2370,5.5,518.0,91.0,156.1
2025-03-29 21:00:00+00:00,2403,5.6,514.0,91.0,156.1
2025-03-29 22:00:00+00:00,2416,5.3,503.0,91.0,156.1
2025-03-29 23:00:00+00:00,2381,4.9,489.0,91.0,156.1
2025-03-30 00:00:00+00:00,2428,5.1,473.0,124.0,170.7
2025-03-30 01:00:00+00:00,2360,4.6,488.0,124.0,170.7
2025-03-30 02:00:00+00:00,2328,5.1,496.0,124.0,170.7
2025-03-30 03:00:00+00:00,2348,5.1,475.0,124.0,170.7
2025-03-30 04:00:00+00:00,2278,5.2,469.0,124.0,170.7
2025-03-30 05:00:00+00:00,2372,5.7,471.0,124.0,170.7
2025-03-30 06:00:00+00:00,2322,5.2,470.0,124.0,170.7
2025-03-30 07:00:00+00:00,2404,5.4,472.0,124.0,170.7
2025-03-30 08:00:00+00:00,2378,5.6,467.0,124.0,170.7
2025-03-30 09:00:00+00:00,2315,4.9,442.0,124.0,170.7
2025-03-30 10:00:00+00:00,2331,5.1,446.0,124.0,170.7
2025-03-30 11:00:00+00:00,2346,5.7,451.0,124.0,170.7
2025-03-30 12:00:00+00:00,2315,6.2,453.0,124.0,170.7
2025-03-30 13:00:00+00:00,2338,5.8,444.0,124.0,170.7
2025-03-30 14:00:00+00:00,2331,6.0,437.0,124.0,170.7
2025-03-30 15:00:00+00:00,2308,5.7,446.0,124.0,170.7
2025-03-30 16:00:00+00:00,2309,5.7,445.0,124.0,170.7
2025-03-30 17:00:00+00:00,2277,5.7,451.0,124.0,170.7
2025-03-30 18:00:00+00:00,2364,5.7,439.0,124.0,170.7
2025-03-30 19:00:00+00:00,2339,5.1,416.0,124.0,170.7
2025-03-30 20:00:00+00:00,2341,4.8,429.0,124.0,170.7
2025-03-30 21:00:00+00:00,2335,5.0,422.0,124.0,170.7
2025-03-30 22:00:00+00:00,2413,4.7,417.0,124.0,170.7
2025-03-30 23:00:00+00:00,2348,5.3,441.0,124.0,170.7
2025-03-31 00:00:00+00:00,2358,5.2,432.0,142.0,171.6
2025-03-31 01:00:00+00:00,2322,5.6,391.0,142.0,171.6
2025-03-31 02:00:00+00:00,2342,5.9,384.0,142.0,171.6
2025-03-31 03:00:00+00:00,2263,5.7,390.0,142.0,171.6
2025-03-31 04:00:00+00:00,2358,6.5,397.0,142.0,171.6
2025-03-31 05:00:00+00:00,2343,7.0,411.0,142.0,171.6
2025-03-31 06:00:00+00:00,2373,6.4,410.0,142.0,171.6
2025-03-31 07:00:00+00:00,2342,7.1,399.0,142.0,171.6
2025-03-31 08:00:00+00:00,2322,7.0,406.0,142.0,171.6
2025-03-31 09:00:00+00:00,2406,7.2,418.0,142.0,171.6
2025-03-31 10:00:00+00:00,2351,7.4,420.0,142.0,171.6
2025-03-31 11:00:00+00:00,2372,10.3,452.0,142.0,171.6
2025-03-31 12:00:00+00:00,2328,11.5,483.0,142.0,171.6
2025-03-31 13:00:00+00:00,2321,11.0,467.0,142.0,171.6
2025-03-31 14:00:00+00:00,2297,10.9,482.0,142.0,171.6
2025-03-31 15:00:00+00:00,2326,10.4,477.0,142.0,171.6
2025-03-31 16:00:00+00:00,2429,10.0,476.0,142.0,171.6
2025-03-31 17:00:00+00:00,2322,9.7,483.0,142.0,171.6
2025-03-31 18:00:00+00:00,2395,9.3,472.0,142.0,171.6
2025-03-31 19:00:00+00:00,2388,9.3,479.0,142.0,171.6
2025-03-31 20:00:00+00:00,2378,9.1,448.0,142.0,171.6
2025-03-31 21:00:00+00:00,2336,9.2,453.0,142.0,171.6
2025-03-31 22:00:00+00:00,2411,9.2,469.0,142.0,171.6
2025-03-31 23:00:00+00:00,2344,9.5,439.0,142.0,171.6
2025-04-01 00:00:00+00:00,2400,9.8,448.0,,181.7
2025-04-01 01:00:00+00:00,2345,,433.0,,181.7
2025-04-01 02:00:00+00:00,2295,,420.0,,181.7
2025-04-01 03:00:00+00:00,2306,,417.0,,181.7
2025-04-01 04:00:00+00:00,2340,,402.0,,181.7
2025-04-01 05:00:00+00:00,2374,,410.0,,181.7
2025-04-01 06:00:00+00:00,2367,,409.0,,181.7
2025-04-01 07:00:00+00:00,2339,,419.0,,181.7
2025-04-01 08:00:00+00:00,2352,,421.0,,181.7
2025-04-01 09:00:00+00:00,2312,,420.0,,181.7
2025-04-01 10:00:00+00:00,2332,,399.0,,181.7
2025-04-01 11:00:00+00:00,2340,,394.0,,181.7
2025-04-01 12:00:00+00:00,2250,,396.0,,181.7
2025-04-01 13:00:00+00:00,2332,,384.0,,181.7
2025-04-01 14:00:00+00:00,2396,,382.0,,181.7
2025-04-01 15:00:00+00:00,2353,,387.0,,181.7
2025-04-01 16:00:00+00:00,2375,,389.0,,181.7
2025-04-01 17:00:00+00:00,2344,,405.0,,181.7
2025-04-01 18:00:00+00:00,2310,,410.0,,181.7
2025-04-01 19:00:00+00:00,2328,,428.0,,181.7
2025-04-01 20:00:00+00:00,2290,,444.0,,181.7
2025-04-01 21:00:00+00:00,2399,,418.0,,181.7
2025-04-01 22:00:00+00:00,2347,,423.0,,181.7
2025-04-01 23:00:00+00:00,2380,,422.0,,181.7
2025-04-02 00:00:00+00:00,2321,,420.0,,179.8
2025-04-02 01:00:00+00:00,2311,,409.0,,179.8
2025-04-02 02:00:00+00:00,2309,,432.0,,179.8
2025-04-02 03:00:00+00:00,2302,,459.0,,179.8
2025-04-02 04:00:00+00:00,2308,,443.0,,179.8
2025-04-02 05:00:00+00:00,2331,,446.0,,179.8
2025-04-02 06:00:00+00:00,2359,,445.0,,179.8
2025-04-02 07:00:00+00:00,2315,,441.0,,179.8
2025-04-02 08:00:00+00:00,2362,,435.0,,179.8
2025-04-02 09:00:00+00:00,2349,,455.0,,179.8
2025-04-02 10:00:00+00:00,2399,,461.0,,179.8
2025-04-02 11:00:00+00:00,2327,,451.0,,179.8
2025-04-02 12:00:00+00:00,2329,,458.0,,179.8
2025-04-02 13:00:00+00:00,2277,,454.0,,179.8
2025-04-02 14:00:00+00:00,2362,,449.0,,179.8
2025-04-02 15:00:00+00:00,2371,,443.0,,179.8
2025-04-02 16:00:00+00:00,2347,,447.0,,179.8
2025-04-02 17:00:00+00:00,2279,,440.0,,179.8
2025-04-02 18:00:00+00:00,2354,,434.0,,179.8
2025-04-02 19:00:00+00:00,2331,,440.0,,179.8
2025-04-02 20:00:00+00:00,2388,,437.0,,179.8
2025-04-02 21:00:00+00:00,2373,,441.0,,179.8
2025-04-02 22:00:00+00:00,2353,,451.0,,179.8
2025-04-02 23:00:00+00:00,2343,,452.0,,179.8
2025-04-03 00:00:00+00:00,2316,,438.0,,178.4
2025-04-03 01:00:00+00:00,2359,,433.0,,178.4
2025-04-03 02:00:00+00:00,2293,,422.0,,178.4
2025-04-03 03:00:00+00:00,2411,,441.0,,178.4
2025-04-03 04:00:00+00:00,2328,,446.0,,178.4
2025-04-03 05:00:00+00:00,2293,,437.0,,178.4
2025-04-03 06:00:00+00:00,2345,,446.0,,178.4
2025-04-03 07:00:00+00:00,2292,,451.0,,178.4
2025-04-03 08:00:00+00:00,2386,,456.0,,178.4
2025-04-03 09:00:00+00:00,2347,,454.0,,178.4
2025-04-03 10:00:00+00:00,2396,,435.0,,178.4
2025-04-03 11:00:00+00:00,2287,,440.0,,178.4
2025-04-03 12:00:00+00:00,2330,,422.0,,178.4
2025-04-03 13:00:00+00:00,2354,,425.0,,178.4
2025-04-03 14:00:00+00:00,2266,,424.0,,178.4
2025-04-03 15:00:00+00:00,2338,,420.0,,178.4
2025-04-03 16:00:00+00:00,2334,,436.0,,178.4
2025-04-03 17:00:00+00:00,2390,,452.0,,178.4
2025-04-03 18:00:00+00:00,2357,,452.0,,178.4
2025-04-03 19:00:00+00:00,2359,,448.0,,178.4
2025-04-03 20:00:00+00:00,2374,,445.0,,178.4
2025-04-03 21:00:00+00:00,2341,,449.0,,178.4
2025-04-03 22:00:00+00:00,2351,,456.0,,178.4
2025-04-03 23:00:00+00:00,2377,,475.0,,178.4
2025-04-04 00:00:00+00:00,2339,,455.0,,180.5
2025-04-04 01:00:00+00:00,2321,,454.0,,180.5
2025-04-04 02:00:00+00:00,2330,,474.0,,180.5
2025-04-04 03:00:00+00:00,2329,,511.0,,180.5
2025-04-04 04:00:00+00:00,2308,,517.0,,180.5
2025-04-04 05:00:00+00:00,2366,,469.0,,180.5
2025-04-04 06:00:00+00:00,2305,,444.0,,180.5
2025-04-04 07:00:00+00:00,2332,,461.0,,180.5
2025-04-04 08:00:00+00:00,2329,,470.0,,180.5
2025-04-04 09:00:00+00:00,2352,,463.0,,180.5
2025-04-04 10:00:00+00:00,2313,,488.0,,180.5
2025-04-04 11:00:00+00:00,2348,,498.0,,180.5
2025-04-04 12:00:00+00:00,2346,,504.0,,180.5
2025-04-04 13:00:00+00:00,2340,,512.0,,180.5
2025-04-04 14:00:00+00:00,2313,,512.0,,180.5
2025-04-04 15:00:00+00:00,2362,,510.0,,180.5
2025-04-04 16:00:00+00:00,2353,,516.0,,180.5
2025-04-04 17:00:00+00:00,2334,,496.0,,180.5
2025-04-04 18:00:00+00:00,2324,,520.0,,180.5
2025-04-04 19:00:00+00:00,2407,,501.0,,180.5
2025-04-04 20:00:00+00:00,2323,,549.0,,180.5
2025-04-04 21:00:00+00:00,2334,,549.0,,180.5
2025-04-04 22:00:00+00:00,2345,,528.0,,180.5
2025-04-04 23:00:00+00:00,2376,,539.0,,180.5
2025-04-05 00:00:00+00:00,2321,,558.0,,184.6
2025-04-05 01:00:00+00:00,2394,,578.0,,184.6
2025-04-05 02:00:00+00:00,2295,,602.0,,184.6
2025-04-05 03:00:00+00:00,2346,,665.0,,184.6
2025-04-05 04:00:00+00:00,2347,,698.0,,184.6
2025-04-05 05:00:00+00:00,2340,,685.0,,184.6
2025-04-05 06:00:00+00:00,2350,,666.0,,184.6
2025-04-05 07:00:00+00:00,2346,,701.0,,184.6
2025-04-05 08:00:00+00:00,2320,,692.0,,184.6
2025-04-05 09:00:00+00:00,2378,,708.0,,184.6
2025-04-05 10:00:00+00:00,2299,,684.0,,184.6
2025-04-05 11:00:00+00:00,2331,,683.0,,184.6
2025-04-05 12:00:00+00:00,2290,,708.0,,184.6
2025-04-05 13:00:00+00:00,2314,,656.0,,184.6
2025-04-05 14:00:00+00:00,2389,,648.0,,184.6
2025-04-05 15:00:00+00:00,2397,,656.0,,184.6
2025-04-05 16:00:00+00:00,2394,,668.0,,184.6
2025-04-05 17:00:00+00:00,2407,,662.0,,184.6
2025-04-05 18:00:00+00:00,2421,,636.0,,184.6
2025-04-05 19:00:00+00:00,2403,,625.0,,184.6
2025-04-05 20:00:00+00:00,2416,,634.0,,184.6
2025-04-05 21:00:00+00:00,2424,,607.0,,184.6
2025-04-05 22:00:00+00:00,2432,,613.0,,184.6
2025-04-05 23:00:00+00:00,2391,,619.0,,184.6
2025-04-06 00:00:00+00:00,2379,,616.0,,167.2
2025-04-06 01:00:00+00:00,2399,,612.0,,167.2
2025-04-06 02:00:00+00:00,2296,,622.0,,167.2
2025-04-06 03:00:00+00:00,2333,,640.0,,167.2
2025-04-06 04:00:00+00:00,2349,,620.0,,167.2
2025-04-06 05:00:00+00:00,2346,,611.0,,167.2
2025-04-06 06:00:00+00:00,2353,,663.0,,167.2
2025-04-06 07:00:00+00:00,2369,,630.0,,167.2
2025-04-06 08:00:00+00:00,2389,,628.0,,167.2
2025-04-06 09:00:00+00:00,2323,,621.0,,167.2
2025-04-06 10:00:00+00:00,2343,,654.0,,167.2
2025-04-06 11:00:00+00:00,2406,,600.0,,167.2
2025-04-06 12:00:00+00:00,2347,,609.0,,167.2
2025-04-06 13:00:00+00:00,2312,,628.0,,167.2
2025-04-06 14:00:00+00:00,2354,,611.0,,167.2
2025-04-06 15:00:00+00:00,2357,,667.0,,167.2
2025-04-06 16:00:00+00:00,2309,,635.0,,167.2
2025-04-06 17:00:00+00:00,2285,,666.0,,167.2
2025-04-06 18:00:00+00:00,2325,,631.0,,167.2
2025-04-06 19:00:00+00:00,2335,,605.0,,167.2
2025-04-06 20:00:00+00:00,2356,,594.0,,167.2
2025-04-06 21:00:00+00:00,2343,,585.0,,167.2
2025-04-06 22:00:00+00:00,2363,,584.0,,167.2
2025-04-06 23:00:00+00:00,2356,,588.0,,167.2
2025-04-07 00:00:00+00:00,2371,,568.0,,162.6
2025-04-07 01:00:00+00:00,2320,,566.0,,162.6
2025-04-07 02:00:00+00:00,2324,,589.0,,162.6
2025-04-07 03:00:00+00:00,2308,,576.0,,162.6
2025-04-07 04:00:00+00:00,2347,,566.0,,162.6
2025-04-07 05:00:00+00:00,2298,,550.0,,162.6
2025-04-07 06:00:00+00:00,2380,,543.0,,162.6
2025-04-07 07:00:00+00:00,2288,,540.0,,162.6
2025-04-07 08:00:00+00:00,2324,,535.0,,162.6
2025-04-07 09:00:00+00:00,2358,,537.0,,162.6
2025-04-07 10:00:00+00:00,2355,,546.0,,162.6
2025-04-07 11:00:00+00:00,2275,,526.0,,162.6
2025-04-07 12:00:00+00:00,2319,,510.0,,162.6
2025-04-07 13:00:00+00:00,2347,,532.0,,162.6
2025-04-07 14:00:00+00:00,2260,,541.0,,162.6
2025-04-07 15:00:00+00:00,2356,,531.0,,162.6
2025-04-07 16:00:00+00:00,2328,,543.0,,162.6
2025-04-07 17:00:00+00:00,2316,,501.0,,162.6
2025-04-07 18:00:00+00:00,2331,,508.0,,162.6
2025-04-07 19:00:00+00:00,2324,,501.0,,162.6
2025-04-07 20:00:00+00:00,2365,,494.0,,162.6
2025-04-07 21:00:00+00:00,2313,,498.0,,162.6
2025-04-07 22:00:00+00:00,2328,,514.0,,162.6
2025-04-07 23:00:00+00:00,2366,,464.0,,162.6
2025-04-08 00:00:00+00:00,2386,,437.0,,159.0
2025-04-08 01:00:00+00:00,2345,,437.0,,159.0
2025-04-08 02:00:00+00:00,2341,,499.0,,159.0
2025-04-08 03:00:00+00:00,2343,,496.0,,159.0
2025-04-08 04:00:00+00:00,2349,,473.0,,159.0
2025-04-08 05:00:00+00:00,2360,,493.0,,159.0
2025-04-08 06:00:00+00:00,2317,,509.0,,159.0
2025-04-08 07:00:00+00:00,2340,,502.0,,159.0
2025-04-08 08:00:00+00:00,2315,,497.0,,159.0
2025-04-08 09:00:00+00:00,2330,,509.0,,159.0
2025-04-08 10:00:00+00:00,2392,,486.0,,159.0
2025-04-08 11:00:00+00:00,2377,,507.0,,159.0
2025-04-08 12:00:00+00:00,2340,,527.0,,159.0
2025-04-08 13:00:00+00:00,2343,,533.0,,159.0
2025-04-08 14:00:00+00:00,2384,,498.0,,159.0
2025-04-08 15:00:00+00:00,2341,,510.0,,159.0
2025-04-08 16:00:00+00:00,2345,,517.0,,159.0
2025-04-08 17:00:00+00:00,2349,,534.0,,159.0
2025-04-08 18:00:00+00:00,2287,,526.0,,159.0
2025-04-08 19:00:00+00:00,2322,,540.0,,159.0
2025-04-08 20:00:00+00:00,2372,,541.0,,159.0
2025-04-08 21:00:00+00:00,2386,,509.0,,159.0
2025-04-08 22:00:00+00:00,2337,,510.0,,159.0
2025-04-08 23:00:00+00:00,2335,,471.0,,159.0
2025-04-09 00:00:00+00:00,2308,,513.0,,167.3
2025-04-09 01:00:00+00:00,2292,,516.0,,167.3
2025-04-09 02:00:00+00:00,2309,,498.0,,167.3
2025-04-09 03:00:00+00:00,2346,,509.0,,167.3
2025-04-09 04:00:00+00:00,2345,,521.0,,167.3
2025-04-09 05:00:00+00:00,2286,,535.0,,167.3
2025-04-09 06:00:00+00:00,2248,,529.0,,167.3
2025-04-09 07:00:00+00:00,2266,,501.0,,167.3
2025-04-09 08:00:00+00:00,2292,,498.0,,167.3
2025-04-09 09:00:00+00:00,2325,,500.0,,167.3
2025-04-09 10:00:00+00:00,2341,,502.0,,167.3
2025-04-09 11:00:00+00:00,2327,,487.0,,167.3
2025-04-09 12:00:00+00:00,2363,,481.0,,167.3
2025-04-09 13:00:00+00:00,2302,,486.0,,167.3
2025-04-09 14:00:00+00:00,2324,,484.0,,167.3
2025-04-09 15:00:00+00:00,2387,,476.0,,167.3
2025-04-09 16:00:00+00:00,2327,,485.0,,167.3
2025-04-09 17:00:00+00:00,2276,,488.0,,167.3
2025-04-09 18:00:00+00:00,2347,,501.0,,167.3
2025-04-09 19:00:00+00:00,2377,,508.0,,167.3
2025-04-09 20:00:00+00:00,2302,,533.0,,167.3
2025-04-09 21:00:00+00:00,2305,,531.0,,167.3
2025-04-09 22:00:00+00:00,2311,,539.0,,167.3
2025-04-09 23:00:00+00:00,2357,,504.0,,167.3
2025-04-10 00:00:00+00:00,2290,,487.0,,153.2
2025-04-10 01:00:00+00:00,2334,,490.0,,153.2
2025-04-10 02:00:00+00:00,2296,,485.0,,153.2
2025-04-10 03:00:00+00:00,2352,,487.0,,153.2
2025-04-10 04:00:00+00:00,2251,,484.0,,153.2
2025-04-10 05:00:00+00:00,2304,,475.0,,153.2
2025-04-10 06:00:00+00:00,2345,,497.0,,153.2
2025-04-10 07:00:00+00:00,2261,,480.0,,153.2
2025-04-10 08:00:00+00:00,2285,,475.0,,153.2
2025-04-10 09:00:00+00:00,2282,,474.0,,153.2
2025-04-10 10:00:00+00:00,2268,,477.0,,153.2
2025-04-10 11:00:00+00:00,2304,,477.0,,153.2
2025-04-10 12:00:00+00:00,2330,,473.0,,153.2
2025-04-10 13:00:00+00:00,2341,,473.0,,153.2
2025-04-10 14:00:00+00:00,2344,,494.0,,153.2
2025-04-10 15:00:00+00:00,2275,,469.0,,153.2
2025-04-10 16:00:00+00:00,2334,,454.0,,153.2
2025-04-10 17:00:00+00:00,2380,,443.0,,153.2
2025-04-10 18:00:00+00:00,2365,,443.0,,153.2
2025-04-10 19:00:00+00:00,2296,,435.0,,153.2
2025-04-10 20:00:00+00:00,2309,,456.0,,153.2
2025-04-10 21:00:00+00:00,2322,,451.0,,153.2
2025-04-10 22:00:00+00:00,2352,,442.0,,153.2
2025-04-10 23:00:00+00:00,2309,,419.0,,153.2
2025-04-11 00:00:00+00:00,2271,,431.0,,170.8
2025-04-11 01:00:00+00:00,2320,,442.0,,170.8
2025-04-11 02:00:00+00:00,2254,,427.0,,170.8
2025-04-11 03:00:00+00:00,2310,,462.0,,170.8
2025-04-11 04:00:00+00:00,2320,,453.0,,170.8
2025-04-11 05:00:00+00:00,2251,,460.0,,170.8
2025-04-11 06:00:00+00:00,2301,,457.0,,170.8
2025-04-11 07:00:00+00:00,2302,,454.0,,170.8
2025-04-11 08:00:00+00:00,2298,,456.0,,170.8
2025-04-11 09:00:00+00:00,2233,,457.0,,170.8
2025-04-11 10:00:00+00:00,2276,,460.0,,170.8
2025-04-11 11:00:00+00:00,2277,,452.0,,170.8
2025-04-11 12:00:00+00:00,2320,,447.0,,170.8
2025-04-11 13:00:00+00:00,2321,,447.0,,170.8
2025-04-11 14:00:00+00:00,2270,,446.0,,170.8
2025-04-11 15:00:00+00:00,2271,,461.0,,170.8
2025-04-11 16:00:00+00:00,2308,,457.0,,170.8
2025-04-11 17:00:00+00:00,2321,,445.0,,170.8
2025-04-11 18:00:00+00:00,2340,,490.0,,170.8
2025-04-11 19:00:00+00:00,2356,,425.0,,170.8
2025-04-11 20:00:00+00:00,2325,,439.0,,170.8
2025-04-11 21:00:00+00:00,2345,,461.0,,170.8
2025-04-11 22:00:00+00:00,2311,,421.0,,170.8
2025-04-11 23:00:00+00:00,2326,,426.0,,170.8
2025-04-12 00:00:00+00:00,2324,,428.0,,166.2
2025-04-12 01:00:00+00:00,2376,,405.0,,166.2
2025-04-12 02:00:00+00:00,2275,,401.0,,166.2
2025-04-12 03:00:00+00:00,2307,,407.0,,166.2
2025-04-12 04:00:00+00:00,2305,,421.0,,166.2
2025-04-12 05:00:00+00:00,2298,,420.0,,166.2
2025-04-12 06:00:00+00:00,2344,,415.0,,166.2
2025-04-12 07:00:00+00:00,2320,,415.0,,166.2
2025-04-12 08:00:00+00:00,2348,,415.0,,166.2
2025-04-12 09:00:00+00:00,2366,,413.0,,166.2
2025-04-12 10:00:00+00:00,2308,,426.0,,166.2
2025-04-12 11:00:00+00:00,2275,,429.0,,166.2
2025-04-12 12:00:00+00:00,2307,,417.0,,166.2
2025-04-12 13:00:00+00:00,2299,,421.0,,166.2
2025-04-12 14:00:00+00:00,2291,,418.0,,166.2
2025-04-12 15:00:00+00:00,2325,,432.0,,166.2
2025-04-12 16:00:00+00:00,2347,,453.0,,166.2
2025-04-12 17:00:00+00:00,2290,,481.0,,166.2
2025-04-12 18:00:00+00:00,2332,,480.0,,166.2
2025-04-12 19:00:00+00:00,2337,,467.0,,166.2
2025-04-12 20:00:00+00:00,2308,,464.0,,166.2
2025-04-12 21:00:00+00:00,2319,,490.0,,166.2
2025-04-12 22:00:00+00:00,2372,,503.0,,166.2
2025-04-12 23:00:00+00:00,2359,,499.0,,166.2
2025-04-13 00:00:00+00:00,2303,,497.0,,164.6
2025-04-13 01:00:00+00:00,2310,,,,164.6
2025-04-13 02:00:00+00:00,2280,,,,164.6
2025-04-13 03:00:00+00:00,2380,,,,164.6
2025-04-13 04:00:00+00:00,2288,,,,164.6
2025-04-13 05:00:00+00:00,2303,,,,164.6
2025-04-13 06:00:00+00:00,2321,,,,164.6
2025-04-13 07:00:00+00:00,2276,,,,164.6
2025-04-13 08:00:00+00:00,2322,,,,164.6
2025-04-13 09:00:00+00:00,2276,,,,164.6
2025-04-13 10:00:00+00:00,2343,,,,164.6
2025-04-13 11:00:00+00:00,2321,,,,164.6
2025-04-13 12:00:00+00:00,2301,,,,164.6
2025-04-13 13:00:00+00:00,2325,,,,164.6
2025-04-13 14:00:00+00:00,2326,,,,164.6
2025-04-13 15:00:00+00:00,2301,,,,164.6
2025-04-13 16:00:00+00:00,2397,,,,164.6
2025-04-13 17:00:00+00:00,2350,,,,164.6
2025-04-13 18:00:00+00:00,2340,,,,164.6
2025-04-13 19:00:00+00:00,2310,,,,164.6
2025-04-13 20:00:00+00:00,2353,,,,164.6
2025-04-13 21:00:00+00:00,2322,,,,164.6
2025-04-13 22:00:00+00:00,2353,,,,164.6
2025-04-13 23:00:00+00:00,2342,,,,164.6
2025-04-14 00:00:00+00:00,2312,,,,153.6
2025-04-14 01:00:00+00:00,2297,,,,153.6
2025-04-14 02:00:00+00:00,2273,,,,153.6
2025-04-14 03:00:00+00:00,2300,,,,153.6
2025-04-14 04:00:00+00:00,2288,,,,153.6
2025-04-14 05:00:00+00:00,2328,,,,153.6
2025-04-14 06:00:00+00:00,2316,,,,153.6
2025-04-14 07:00:00+00:00,2323,,,,153.6
2025-04-14 08:00:00+00:00,2318,,,,153.6
2025-04-14 09:00:00+00:00,2316,,,,153.6
2025-04-14 10:00:00+00:00,2336,,,,153.6
2025-04-14 11:00:00+00:00,2295,,,,153.6
2025-04-14 12:00:00+00:00,2331,,,,153.6
2025-04-14 13:00:00+00:00,2306,,,,153.6
2025-04-14 14:00:00+00:00,2342,,,,153.6
2025-04-14 15:00:00+00:00,2337,,,,153.6
2025-04-14 16:00:00+00:00,2322,,,,153.6
2025-04-14 17:00:00+00:00,2311,,,,153.6
2025-04-14 18:00:00+00:00,2352,,,,153.6
2025-04-14 19:00:00+00:00,2346,,,,153.6
2025-04-14 20:00:00+00:00,2369,,,,153.6
2025-04-14 21:00:00+00:00,2351,,,,153.6
2025-04-14 22:00:00+00:00,2322,,,,153.6
2025-04-14 23:00:00+00:00,2384,,,,153.6
2025-04-15 00:00:00+00:00,2301,,,,153.8
2025-04-15 01:00:00+00:00,2372,,,,153.8
2025-04-15 02:00:00+00:00,2327,,,,153.8
2025-04-15 03:00:00+00:00,2307,,,,153.8
2025-04-15 04:00:00+00:00,2384,,,,153.8
2025-04-15 05:00:00+00:00,2289,,,,153.8
2025-04-15 06:00:00+00:00,2332,,,,153.8
2025-04-15 07:00:00+00:00,2327,,,,153.8
2025-04-15 08:00:00+00:00,2269,,,,153.8
2025-04-15 09:00:00+00:00,2320,,,,153.8
2025-04-15 10:00:00+00:00,2330,,,,153.8
2025-04-15 11:00:00+00:00,2319,,,,153.8
2025-04-15 12:00:00+00:00,2308,,,,153.8
2025-04-15 13:00:00+00:00,2342,,,,153.8
2025-04-15 14:00:00+00:00,2322,,,,153.8
2025-04-15 15:00:00+00:00,2302,,,,153.8
2025-04-15 16:00:00+00:00,2333,,,,153.8
2025-04-15 17:00:00+00:00,2291,,,,153.8
2025-04-15 18:00:00+00:00,2422,,,,153.8
2025-04-15 19:00:00+00:00,2345,,,,153.8
2025-04-15 20:00:00+00:00,2337,,,,153.8
2025-04-15 21:00:00+00:00,2337,,,,153.8
2025-04-15 22:00:00+00:00,2294,,,,153.8
2025-04-15 23:00:00+00:00,2330,,,,153.8
